"columnName"	"threshold"
"1"	"Participant.ID"	NA
"2"	"Length.of.time.at.current.address...Instance.0"	NA
"3"	"Number.of.days.week.of.moderate.physical.activity.10..minutes...Instance.0"	NA
"4"	"Number.of.days.week.of.vigorous.physical.activity.10..minutes...Instance.0"	NA
"5"	"Time.spent.driving...Instance.0"	NA
"6"	"Time.spent.using.computer...Instance.0"	NA
"7"	"Time.spent.watching.television..TV....Instance.0"	NA
"8"	"Sleep.duration...Instance.0"	NA
"9"	"Cooked.vegetable.intake...Instance.0"	NA
"10"	"Salad...raw.vegetable.intake...Instance.0"	NA
"11"	"Fresh.fruit.intake...Instance.0"	NA
"12"	"Dried.fruit.intake...Instance.0"	NA
"13"	"Age.when.last.ate.meat...Instance.0"	NA
"14"	"Bread.intake...Instance.0"	NA
"15"	"Cereal.intake...Instance.0"	NA
"16"	"Tea.intake...Instance.0"	NA
"17"	"Coffee.intake...Instance.0"	NA
"18"	"Water.intake...Instance.0"	NA
"19"	"Time.spend.outdoors.in.summer...Instance.0"	NA
"20"	"Time.spent.outdoors.in.winter...Instance.0"	NA
"21"	"Childhood.sunburn.occasions...Instance.0"	NA
"22"	"Frequency.of.solarium.sunlamp.use...Instance.0"	NA
"23"	"Type.of.accommodation.lived.in...Instance.0_2"	NA
"24"	"Type.of.accommodation.lived.in...Instance.0_1"	NA
"25"	"Type.of.accommodation.lived.in...Instance.0_4"	NA
"26"	"Type.of.accommodation.lived.in...Instance.0_neg7"	NA
"27"	"Type.of.accommodation.lived.in...Instance.0_3"	NA
"28"	"Own.or.rent.accommodation.lived.in...Instance.0_2"	NA
"29"	"Own.or.rent.accommodation.lived.in...Instance.0_1"	NA
"30"	"Own.or.rent.accommodation.lived.in...Instance.0_3"	NA
"31"	"Own.or.rent.accommodation.lived.in...Instance.0_4"	NA
"32"	"Own.or.rent.accommodation.lived.in...Instance.0_5"	NA
"33"	"Own.or.rent.accommodation.lived.in...Instance.0_6"	NA
"34"	"Own.or.rent.accommodation.lived.in...Instance.0_neg7"	NA
"35"	"Gas.or.solid.fuel.cooking.heating...Instance.0_1"	NA
"36"	"Gas.or.solid.fuel.cooking.heating...Instance.0_2"	NA
"37"	"Gas.or.solid.fuel.cooking.heating...Instance.0_neg7"	NA
"38"	"Gas.or.solid.fuel.cooking.heating...Instance.0_3"	NA
"39"	"Heating.type.s..in.home...Instance.0_1"	NA
"40"	"Heating.type.s..in.home...Instance.0_2"	NA
"41"	"Heating.type.s..in.home...Instance.0_neg7"	NA
"42"	"Heating.type.s..in.home...Instance.0_3"	NA
"43"	"Heating.type.s..in.home...Instance.0_5"	NA
"44"	"Heating.type.s..in.home...Instance.0_4"	NA
"45"	"Heating.type.s..in.home...Instance.0_6"	NA
"46"	"Number.in.household...Instance.0_Lower.third"	2
"47"	"Number.in.household...Instance.0_Upper.third"	3
"48"	"How.are.people.in.household.related.to.participant...Instance.0_1"	NA
"49"	"How.are.people.in.household.related.to.participant...Instance.0_2"	NA
"50"	"How.are.people.in.household.related.to.participant...Instance.0_6"	NA
"51"	"How.are.people.in.household.related.to.participant...Instance.0_8"	NA
"52"	"How.are.people.in.household.related.to.participant...Instance.0_4"	NA
"53"	"How.are.people.in.household.related.to.participant...Instance.0_7"	NA
"54"	"How.are.people.in.household.related.to.participant...Instance.0_3"	NA
"55"	"Number.of.vehicles.in.household...Instance.0_1"	NA
"56"	"Number.of.vehicles.in.household...Instance.0_2"	NA
"57"	"Number.of.vehicles.in.household...Instance.0_3"	NA
"58"	"Number.of.vehicles.in.household...Instance.0_5"	NA
"59"	"Number.of.vehicles.in.household...Instance.0_4"	NA
"60"	"Average.total.household.income.before.tax...Instance.0_1"	NA
"61"	"Average.total.household.income.before.tax...Instance.0_4"	NA
"62"	"Average.total.household.income.before.tax...Instance.0_3"	NA
"63"	"Average.total.household.income.before.tax...Instance.0_2"	NA
"64"	"Average.total.household.income.before.tax...Instance.0_5"	NA
"65"	"Current.employment.status...Instance.0_5"	NA
"66"	"Current.employment.status...Instance.0_1"	NA
"67"	"Current.employment.status...Instance.0_3"	NA
"68"	"Current.employment.status...Instance.0_6"	NA
"69"	"Current.employment.status...Instance.0_2"	NA
"70"	"Current.employment.status...Instance.0_4"	NA
"71"	"Current.employment.status...Instance.0_7"	NA
"72"	"Current.employment.status...Instance.0_neg7"	NA
"73"	"Frequency.of.travelling.from.home.to.job.workplace...Instance.0_Lower.third"	4
"74"	"Frequency.of.travelling.from.home.to.job.workplace...Instance.0_Upper.third"	5
"75"	"Distance.between.home.and.job.workplace...Instance.0_Lower.third"	4
"76"	"Distance.between.home.and.job.workplace...Instance.0_Upper.third"	10
"77"	"Time.employed.in.main.current.job...Instance.0_Lower.third"	6
"78"	"Time.employed.in.main.current.job...Instance.0_Upper.third"	16
"79"	"Length.of.working.week.for.main.job...Instance.0_Lower.third"	34
"80"	"Length.of.working.week.for.main.job...Instance.0_Upper.third"	40
"81"	"Transport.type.for.commuting.to.job.workplace...Instance.0_1"	NA
"82"	"Transport.type.for.commuting.to.job.workplace...Instance.0_4"	NA
"83"	"Transport.type.for.commuting.to.job.workplace...Instance.0_3"	NA
"84"	"Transport.type.for.commuting.to.job.workplace...Instance.0_2"	NA
"85"	"Transport.type.for.commuting.to.job.workplace...Instance.0_neg7"	NA
"86"	"Job.involves.mainly.walking.or.standing...Instance.0_1"	NA
"87"	"Job.involves.mainly.walking.or.standing...Instance.0_3"	NA
"88"	"Job.involves.mainly.walking.or.standing...Instance.0_2"	NA
"89"	"Job.involves.mainly.walking.or.standing...Instance.0_4"	NA
"90"	"Job.involves.heavy.manual.or.physical.work...Instance.0_1"	NA
"91"	"Job.involves.heavy.manual.or.physical.work...Instance.0_4"	NA
"92"	"Job.involves.heavy.manual.or.physical.work...Instance.0_2"	NA
"93"	"Job.involves.heavy.manual.or.physical.work...Instance.0_3"	NA
"94"	"Job.involves.shift.work...Instance.0_1"	NA
"95"	"Job.involves.shift.work...Instance.0_4"	NA
"96"	"Job.involves.shift.work...Instance.0_2"	NA
"97"	"Job.involves.shift.work...Instance.0_3"	NA
"98"	"Job.involves.night.shift.work...Instance.0_2"	NA
"99"	"Job.involves.night.shift.work...Instance.0_1"	NA
"100"	"Job.involves.night.shift.work...Instance.0_4"	NA
"101"	"Job.involves.night.shift.work...Instance.0_3"	NA
"102"	"Qualifications...Instance.0_1"	NA
"103"	"Qualifications...Instance.0_3"	NA
"104"	"Qualifications...Instance.0_4"	NA
"105"	"Qualifications...Instance.0_5"	NA
"106"	"Qualifications...Instance.0_2"	NA
"107"	"Qualifications...Instance.0_6"	NA
"108"	"Qualifications...Instance.0_neg7"	NA
"109"	"Age.completed.full.time.education...Instance.0_Lower.third"	16
"110"	"Age.completed.full.time.education...Instance.0_Upper.third"	17
"111"	"Country.of.birth..UK.elsewhere....Instance.0_1"	NA
"112"	"Country.of.birth..UK.elsewhere....Instance.0_3"	NA
"113"	"Country.of.birth..UK.elsewhere....Instance.0_2"	NA
"114"	"Country.of.birth..UK.elsewhere....Instance.0_6"	NA
"115"	"Country.of.birth..UK.elsewhere....Instance.0_5"	NA
"116"	"Country.of.birth..UK.elsewhere....Instance.0_4"	NA
"117"	"Year.immigrated.to.UK..United.Kingdom....Instance.0_Lower.third"	1967
"118"	"Year.immigrated.to.UK..United.Kingdom....Instance.0_Upper.third"	1985
"119"	"Ethnic.background...Instance.0_1001"	NA
"120"	"Ethnic.background...Instance.0_4002"	NA
"121"	"Ethnic.background...Instance.0_6"	NA
"122"	"Ethnic.background...Instance.0_3001"	NA
"123"	"Ethnic.background...Instance.0_1002"	NA
"124"	"Ethnic.background...Instance.0_5"	NA
"125"	"Ethnic.background...Instance.0_4001"	NA
"126"	"Ethnic.background...Instance.0_1003"	NA
"127"	"Ethnic.background...Instance.0_2001"	NA
"128"	"Ethnic.background...Instance.0_2003"	NA
"129"	"Ethnic.background...Instance.0_3002"	NA
"130"	"Ethnic.background...Instance.0_3004"	NA
"131"	"Ethnic.background...Instance.0_2004"	NA
"132"	"Ethnic.background...Instance.0_1"	NA
"133"	"Attendance.disability.mobility.allowance...Instance.0_neg7"	NA
"134"	"Attendance.disability.mobility.allowance...Instance.0_2"	NA
"135"	"Attendance.disability.mobility.allowance...Instance.0_3"	NA
"136"	"Attendance.disability.mobility.allowance...Instance.0_1"	NA
"137"	"Private.healthcare...Instance.0_4"	NA
"138"	"Private.healthcare...Instance.0_3"	NA
"139"	"Private.healthcare...Instance.0_1"	NA
"140"	"Private.healthcare...Instance.0_2"	NA
"141"	"Drive.faster.than.motorway.speed.limit...Instance.0_1"	NA
"142"	"Drive.faster.than.motorway.speed.limit...Instance.0_4"	NA
"143"	"Drive.faster.than.motorway.speed.limit...Instance.0_2"	NA
"144"	"Drive.faster.than.motorway.speed.limit...Instance.0_3"	NA
"145"	"Drive.faster.than.motorway.speed.limit...Instance.0_5"	NA
"146"	"Types.of.physical.activity.in.last.4.weeks...Instance.0_2"	NA
"147"	"Types.of.physical.activity.in.last.4.weeks...Instance.0_3"	NA
"148"	"Types.of.physical.activity.in.last.4.weeks...Instance.0_4"	NA
"149"	"Types.of.physical.activity.in.last.4.weeks...Instance.0_5"	NA
"150"	"Types.of.physical.activity.in.last.4.weeks...Instance.0_1"	NA
"151"	"Types.of.physical.activity.in.last.4.weeks...Instance.0_neg7"	NA
"152"	"Duration.of.heavy.DIY...Instance.0_3"	NA
"153"	"Duration.of.heavy.DIY...Instance.0_6"	NA
"154"	"Duration.of.heavy.DIY...Instance.0_4"	NA
"155"	"Duration.of.heavy.DIY...Instance.0_7"	NA
"156"	"Duration.of.heavy.DIY...Instance.0_2"	NA
"157"	"Duration.of.heavy.DIY...Instance.0_5"	NA
"158"	"Duration.of.heavy.DIY...Instance.0_1"	NA
"159"	"Duration.of.light.DIY...Instance.0_3"	NA
"160"	"Duration.of.light.DIY...Instance.0_2"	NA
"161"	"Duration.of.light.DIY...Instance.0_4"	NA
"162"	"Duration.of.light.DIY...Instance.0_5"	NA
"163"	"Duration.of.light.DIY...Instance.0_1"	NA
"164"	"Duration.of.light.DIY...Instance.0_6"	NA
"165"	"Duration.of.light.DIY...Instance.0_7"	NA
"166"	"Duration.of.moderate.activity...Instance.0_Lower.third"	30
"167"	"Duration.of.moderate.activity...Instance.0_Upper.third"	60
"168"	"Duration.of.other.exercises...Instance.0_4"	NA
"169"	"Duration.of.other.exercises...Instance.0_2"	NA
"170"	"Duration.of.other.exercises...Instance.0_3"	NA
"171"	"Duration.of.other.exercises...Instance.0_7"	NA
"172"	"Duration.of.other.exercises...Instance.0_6"	NA
"173"	"Duration.of.other.exercises...Instance.0_5"	NA
"174"	"Duration.of.other.exercises...Instance.0_1"	NA
"175"	"Duration.of.strenuous.sports...Instance.0_5"	NA
"176"	"Duration.of.strenuous.sports...Instance.0_3"	NA
"177"	"Duration.of.strenuous.sports...Instance.0_4"	NA
"178"	"Duration.of.strenuous.sports...Instance.0_2"	NA
"179"	"Duration.of.strenuous.sports...Instance.0_7"	NA
"180"	"Duration.of.strenuous.sports...Instance.0_6"	NA
"181"	"Duration.of.vigorous.activity...Instance.0_Lower.third"	20
"182"	"Duration.of.vigorous.activity...Instance.0_Upper.third"	50
"183"	"Number.of.days.week.walked.10..minutes...Instance.0_neg2"	NA
"184"	"Number.of.days.week.walked.10..minutes...Instance.0_Lower.third"	5
"185"	"Number.of.days.week.walked.10..minutes...Instance.0_Upper.third"	7
"186"	"Duration.of.walks...Instance.0_Lower.third"	30
"187"	"Duration.of.walks...Instance.0_Upper.third"	60
"188"	"Duration.walking.for.pleasure...Instance.0_2"	NA
"189"	"Duration.walking.for.pleasure...Instance.0_5"	NA
"190"	"Duration.walking.for.pleasure...Instance.0_6"	NA
"191"	"Duration.walking.for.pleasure...Instance.0_1"	NA
"192"	"Duration.walking.for.pleasure...Instance.0_3"	NA
"193"	"Duration.walking.for.pleasure...Instance.0_4"	NA
"194"	"Duration.walking.for.pleasure...Instance.0_7"	NA
"195"	"Frequency.of.heavy.DIY.in.last.4.weeks...Instance.0_1"	NA
"196"	"Frequency.of.heavy.DIY.in.last.4.weeks...Instance.0_3"	NA
"197"	"Frequency.of.heavy.DIY.in.last.4.weeks...Instance.0_4"	NA
"198"	"Frequency.of.heavy.DIY.in.last.4.weeks...Instance.0_2"	NA
"199"	"Frequency.of.heavy.DIY.in.last.4.weeks...Instance.0_6"	NA
"200"	"Frequency.of.heavy.DIY.in.last.4.weeks...Instance.0_5"	NA
"201"	"Frequency.of.light.DIY.in.last.4.weeks...Instance.0_3"	NA
"202"	"Frequency.of.light.DIY.in.last.4.weeks...Instance.0_4"	NA
"203"	"Frequency.of.light.DIY.in.last.4.weeks...Instance.0_2"	NA
"204"	"Frequency.of.light.DIY.in.last.4.weeks...Instance.0_1"	NA
"205"	"Frequency.of.light.DIY.in.last.4.weeks...Instance.0_6"	NA
"206"	"Frequency.of.light.DIY.in.last.4.weeks...Instance.0_5"	NA
"207"	"Frequency.of.other.exercises.in.last.4.weeks...Instance.0_5"	NA
"208"	"Frequency.of.other.exercises.in.last.4.weeks...Instance.0_4"	NA
"209"	"Frequency.of.other.exercises.in.last.4.weeks...Instance.0_3"	NA
"210"	"Frequency.of.other.exercises.in.last.4.weeks...Instance.0_2"	NA
"211"	"Frequency.of.other.exercises.in.last.4.weeks...Instance.0_1"	NA
"212"	"Frequency.of.other.exercises.in.last.4.weeks...Instance.0_6"	NA
"213"	"Frequency.of.stair.climbing.in.last.4.weeks...Instance.0_1"	NA
"214"	"Frequency.of.stair.climbing.in.last.4.weeks...Instance.0_3"	NA
"215"	"Frequency.of.stair.climbing.in.last.4.weeks...Instance.0_2"	NA
"216"	"Frequency.of.stair.climbing.in.last.4.weeks...Instance.0_4"	NA
"217"	"Frequency.of.stair.climbing.in.last.4.weeks...Instance.0_5"	NA
"218"	"Frequency.of.stair.climbing.in.last.4.weeks...Instance.0_0"	NA
"219"	"Frequency.of.strenuous.sports.in.last.4.weeks...Instance.0_5"	NA
"220"	"Frequency.of.strenuous.sports.in.last.4.weeks...Instance.0_3"	NA
"221"	"Frequency.of.strenuous.sports.in.last.4.weeks...Instance.0_4"	NA
"222"	"Frequency.of.strenuous.sports.in.last.4.weeks...Instance.0_2"	NA
"223"	"Frequency.of.strenuous.sports.in.last.4.weeks...Instance.0_1"	NA
"224"	"Frequency.of.strenuous.sports.in.last.4.weeks...Instance.0_6"	NA
"225"	"Frequency.of.walking.for.pleasure.in.last.4.weeks...Instance.0_2"	NA
"226"	"Frequency.of.walking.for.pleasure.in.last.4.weeks...Instance.0_6"	NA
"227"	"Frequency.of.walking.for.pleasure.in.last.4.weeks...Instance.0_4"	NA
"228"	"Frequency.of.walking.for.pleasure.in.last.4.weeks...Instance.0_5"	NA
"229"	"Frequency.of.walking.for.pleasure.in.last.4.weeks...Instance.0_3"	NA
"230"	"Frequency.of.walking.for.pleasure.in.last.4.weeks...Instance.0_1"	NA
"231"	"Types.of.transport.used..excluding.work....Instance.0_2"	NA
"232"	"Types.of.transport.used..excluding.work....Instance.0_3"	NA
"233"	"Types.of.transport.used..excluding.work....Instance.0_1"	NA
"234"	"Types.of.transport.used..excluding.work....Instance.0_4"	NA
"235"	"Types.of.transport.used..excluding.work....Instance.0_neg7"	NA
"236"	"Usual.walking.pace...Instance.0_2"	NA
"237"	"Usual.walking.pace...Instance.0_3"	NA
"238"	"Usual.walking.pace...Instance.0_1"	NA
"239"	"Usual.walking.pace...Instance.0_neg7"	NA
"240"	"Weekly.usage.of.mobile.phone.in.last.3.months...Instance.0_2"	NA
"241"	"Weekly.usage.of.mobile.phone.in.last.3.months...Instance.0_3"	NA
"242"	"Weekly.usage.of.mobile.phone.in.last.3.months...Instance.0_1"	NA
"243"	"Weekly.usage.of.mobile.phone.in.last.3.months...Instance.0_4"	NA
"244"	"Weekly.usage.of.mobile.phone.in.last.3.months...Instance.0_0"	NA
"245"	"Weekly.usage.of.mobile.phone.in.last.3.months...Instance.0_5"	NA
"246"	"Hands.free.device.speakerphone.use.with.mobile.phone.in.last.3.month...Instance.0_0"	NA
"247"	"Hands.free.device.speakerphone.use.with.mobile.phone.in.last.3.month...Instance.0_3"	NA
"248"	"Hands.free.device.speakerphone.use.with.mobile.phone.in.last.3.month...Instance.0_1"	NA
"249"	"Hands.free.device.speakerphone.use.with.mobile.phone.in.last.3.month...Instance.0_4"	NA
"250"	"Hands.free.device.speakerphone.use.with.mobile.phone.in.last.3.month...Instance.0_2"	NA
"251"	"Difference.in.mobile.phone.use.compared.to.two.years.previously...Instance.0_1"	NA
"252"	"Difference.in.mobile.phone.use.compared.to.two.years.previously...Instance.0_0"	NA
"253"	"Difference.in.mobile.phone.use.compared.to.two.years.previously...Instance.0_2"	NA
"254"	"Difference.in.mobile.phone.use.compared.to.two.years.previously...Instance.0_3"	NA
"255"	"Usual.side.of.head.for.mobile.phone.use...Instance.0_2"	NA
"256"	"Usual.side.of.head.for.mobile.phone.use...Instance.0_1"	NA
"257"	"Usual.side.of.head.for.mobile.phone.use...Instance.0_3"	NA
"258"	"Length.of.mobile.phone.use...Instance.0_3"	NA
"259"	"Length.of.mobile.phone.use...Instance.0_0"	NA
"260"	"Length.of.mobile.phone.use...Instance.0_4"	NA
"261"	"Length.of.mobile.phone.use...Instance.0_2"	NA
"262"	"Length.of.mobile.phone.use...Instance.0_1"	NA
"263"	"Plays.computer.games...Instance.0_2"	NA
"264"	"Plays.computer.games...Instance.0_1"	NA
"265"	"Plays.computer.games...Instance.0_0"	NA
"266"	"Getting.up.in.morning...Instance.0_3"	NA
"267"	"Getting.up.in.morning...Instance.0_4"	NA
"268"	"Getting.up.in.morning...Instance.0_2"	NA
"269"	"Getting.up.in.morning...Instance.0_1"	NA
"270"	"Morning.evening.person..chronotype....Instance.0_3"	NA
"271"	"Morning.evening.person..chronotype....Instance.0_2"	NA
"272"	"Morning.evening.person..chronotype....Instance.0_1"	NA
"273"	"Morning.evening.person..chronotype....Instance.0_4"	NA
"274"	"Nap.during.day...Instance.0_2"	NA
"275"	"Nap.during.day...Instance.0_1"	NA
"276"	"Nap.during.day...Instance.0_3"	NA
"277"	"Sleeplessness...insomnia...Instance.0_1"	NA
"278"	"Sleeplessness...insomnia...Instance.0_3"	NA
"279"	"Sleeplessness...insomnia...Instance.0_2"	NA
"280"	"Snoring...Instance.0_2"	NA
"281"	"Snoring...Instance.0_1"	NA
"282"	"Daytime.dozing...sleeping...Instance.0_0"	NA
"283"	"Daytime.dozing...sleeping...Instance.0_1"	NA
"284"	"Daytime.dozing...sleeping...Instance.0_2"	NA
"285"	"Smoking.status...Instance.0_1"	NA
"286"	"Smoking.status...Instance.0_0"	NA
"287"	"Smoking.status...Instance.0_2"	NA
"288"	"Current.tobacco.smoking...Instance.0_0"	NA
"289"	"Current.tobacco.smoking...Instance.0_1"	NA
"290"	"Current.tobacco.smoking...Instance.0_2"	NA
"291"	"Past.tobacco.smoking...Instance.0_1"	NA
"292"	"Past.tobacco.smoking...Instance.0_4"	NA
"293"	"Past.tobacco.smoking...Instance.0_2"	NA
"294"	"Past.tobacco.smoking...Instance.0_3"	NA
"295"	"Light.smokers..at.least.100.smokes.in.lifetime...Instance.0_1"	NA
"296"	"Light.smokers..at.least.100.smokes.in.lifetime...Instance.0_0"	NA
"297"	"Age.started.smoking.in.current.smokers...Instance.0_Lower.third"	15
"298"	"Age.started.smoking.in.current.smokers...Instance.0_Upper.third"	18
"299"	"Type.of.tobacco.currently.smoked...Instance.0_1"	NA
"300"	"Type.of.tobacco.currently.smoked...Instance.0_2"	NA
"301"	"Type.of.tobacco.currently.smoked...Instance.0_3"	NA
"302"	"Previously.smoked.cigarettes.on.most.all.days...Instance.0_1"	NA
"303"	"Previously.smoked.cigarettes.on.most.all.days...Instance.0_0"	NA
"304"	"Number.of.cigarettes.currently.smoked.daily..current.cigarette.smokers....Instance.0_Lower.third"	10
"305"	"Number.of.cigarettes.currently.smoked.daily..current.cigarette.smokers....Instance.0_Upper.third"	20
"306"	"Age.stopped.smoking.cigarettes..current.cigar.pipe.or.previous.cigarette.smoker....Instance.0_Lower.third"	30
"307"	"Age.stopped.smoking.cigarettes..current.cigar.pipe.or.previous.cigarette.smoker....Instance.0_Upper.third"	42
"308"	"Number.of.cigarettes.previously.smoked.daily..current.cigar.pipe.smokers....Instance.0_Lower.third"	15
"309"	"Number.of.cigarettes.previously.smoked.daily..current.cigar.pipe.smokers....Instance.0_Upper.third"	20
"310"	"Time.from.waking.to.first.cigarette...Instance.0_5"	NA
"311"	"Time.from.waking.to.first.cigarette...Instance.0_2"	NA
"312"	"Time.from.waking.to.first.cigarette...Instance.0_3"	NA
"313"	"Time.from.waking.to.first.cigarette...Instance.0_1"	NA
"314"	"Time.from.waking.to.first.cigarette...Instance.0_4"	NA
"315"	"Difficulty.not.smoking.for.1.day...Instance.0_3"	NA
"316"	"Difficulty.not.smoking.for.1.day...Instance.0_4"	NA
"317"	"Difficulty.not.smoking.for.1.day...Instance.0_1"	NA
"318"	"Difficulty.not.smoking.for.1.day...Instance.0_2"	NA
"319"	"Ever.tried.to.stop.smoking...Instance.0_0"	NA
"320"	"Ever.tried.to.stop.smoking...Instance.0_1"	NA
"321"	"Ever.tried.to.stop.smoking...Instance.0_2"	NA
"322"	"Wants.to.stop.smoking...Instance.0_3"	NA
"323"	"Wants.to.stop.smoking...Instance.0_1"	NA
"324"	"Wants.to.stop.smoking...Instance.0_2"	NA
"325"	"Wants.to.stop.smoking...Instance.0_4"	NA
"326"	"Smoking.compared.to.10.years.previous...Instance.0_1"	NA
"327"	"Smoking.compared.to.10.years.previous...Instance.0_2"	NA
"328"	"Smoking.compared.to.10.years.previous...Instance.0_3"	NA
"329"	"Why.reduced.smoking...Instance.0_neg7"	NA
"330"	"Why.reduced.smoking...Instance.0_3"	NA
"331"	"Why.reduced.smoking...Instance.0_4"	NA
"332"	"Why.reduced.smoking...Instance.0_1"	NA
"333"	"Why.reduced.smoking...Instance.0_2"	NA
"334"	"Age.started.smoking.in.former.smokers...Instance.0_Lower.third"	16
"335"	"Age.started.smoking.in.former.smokers...Instance.0_Upper.third"	18
"336"	"Type.of.tobacco.previously.smoked...Instance.0_1"	NA
"337"	"Type.of.tobacco.previously.smoked...Instance.0_2"	NA
"338"	"Type.of.tobacco.previously.smoked...Instance.0_3"	NA
"339"	"Number.of.cigarettes.previously.smoked.daily...Instance.0_Lower.third"	15
"340"	"Number.of.cigarettes.previously.smoked.daily...Instance.0_Upper.third"	20
"341"	"Age.stopped.smoking...Instance.0_Lower.third"	33
"342"	"Age.stopped.smoking...Instance.0_Upper.third"	45
"343"	"Ever.stopped.smoking.for.6..months...Instance.0_1"	NA
"344"	"Ever.stopped.smoking.for.6..months...Instance.0_0"	NA
"345"	"Why.stopped.smoking...Instance.0_2"	NA
"346"	"Why.stopped.smoking...Instance.0_3"	NA
"347"	"Why.stopped.smoking...Instance.0_4"	NA
"348"	"Why.stopped.smoking...Instance.0_neg7"	NA
"349"	"Why.stopped.smoking...Instance.0_1"	NA
"350"	"Number.of.unsuccessful.stop.smoking.attempts...Instance.0_Lower.third"	2
"351"	"Number.of.unsuccessful.stop.smoking.attempts...Instance.0_Upper.third"	3
"352"	"Likelihood.of.resuming.smoking...Instance.0_4"	NA
"353"	"Likelihood.of.resuming.smoking...Instance.0_2"	NA
"354"	"Likelihood.of.resuming.smoking...Instance.0_3"	NA
"355"	"Smoking.smokers.in.household...Instance.0_0"	NA
"356"	"Smoking.smokers.in.household...Instance.0_1"	NA
"357"	"Smoking.smokers.in.household...Instance.0_2"	NA
"358"	"Exposure.to.tobacco.smoke.at.home...Instance.0_Lower.third"	0
"359"	"Exposure.to.tobacco.smoke.at.home...Instance.0_Upper.third"	0
"360"	"Exposure.to.tobacco.smoke.outside.home...Instance.0_Lower.third"	0
"361"	"Exposure.to.tobacco.smoke.outside.home...Instance.0_Upper.third"	0
"362"	"Oily.fish.intake...Instance.0_0"	NA
"363"	"Oily.fish.intake...Instance.0_2"	NA
"364"	"Oily.fish.intake...Instance.0_1"	NA
"365"	"Oily.fish.intake...Instance.0_3"	NA
"366"	"Oily.fish.intake...Instance.0_4"	NA
"367"	"Oily.fish.intake...Instance.0_5"	NA
"368"	"Non.oily.fish.intake...Instance.0_0"	NA
"369"	"Non.oily.fish.intake...Instance.0_2"	NA
"370"	"Non.oily.fish.intake...Instance.0_1"	NA
"371"	"Non.oily.fish.intake...Instance.0_3"	NA
"372"	"Non.oily.fish.intake...Instance.0_5"	NA
"373"	"Non.oily.fish.intake...Instance.0_4"	NA
"374"	"Processed.meat.intake...Instance.0_0"	NA
"375"	"Processed.meat.intake...Instance.0_2"	NA
"376"	"Processed.meat.intake...Instance.0_1"	NA
"377"	"Processed.meat.intake...Instance.0_3"	NA
"378"	"Processed.meat.intake...Instance.0_4"	NA
"379"	"Processed.meat.intake...Instance.0_5"	NA
"380"	"Poultry.intake...Instance.0_0"	NA
"381"	"Poultry.intake...Instance.0_1"	NA
"382"	"Poultry.intake...Instance.0_3"	NA
"383"	"Poultry.intake...Instance.0_2"	NA
"384"	"Poultry.intake...Instance.0_5"	NA
"385"	"Poultry.intake...Instance.0_4"	NA
"386"	"Beef.intake...Instance.0_0"	NA
"387"	"Beef.intake...Instance.0_1"	NA
"388"	"Beef.intake...Instance.0_2"	NA
"389"	"Beef.intake...Instance.0_3"	NA
"390"	"Beef.intake...Instance.0_4"	NA
"391"	"Lamb.mutton.intake...Instance.0_0"	NA
"392"	"Lamb.mutton.intake...Instance.0_1"	NA
"393"	"Lamb.mutton.intake...Instance.0_2"	NA
"394"	"Lamb.mutton.intake...Instance.0_3"	NA
"395"	"Pork.intake...Instance.0_0"	NA
"396"	"Pork.intake...Instance.0_1"	NA
"397"	"Pork.intake...Instance.0_2"	NA
"398"	"Pork.intake...Instance.0_3"	NA
"399"	"Never.eat.eggs..dairy..wheat..sugar...Instance.0_5"	NA
"400"	"Never.eat.eggs..dairy..wheat..sugar...Instance.0_4"	NA
"401"	"Never.eat.eggs..dairy..wheat..sugar...Instance.0_1"	NA
"402"	"Never.eat.eggs..dairy..wheat..sugar...Instance.0_3"	NA
"403"	"Never.eat.eggs..dairy..wheat..sugar...Instance.0_2"	NA
"404"	"Cheese.intake...Instance.0_3"	NA
"405"	"Cheese.intake...Instance.0_1"	NA
"406"	"Cheese.intake...Instance.0_4"	NA
"407"	"Cheese.intake...Instance.0_2"	NA
"408"	"Cheese.intake...Instance.0_0"	NA
"409"	"Cheese.intake...Instance.0_5"	NA
"410"	"Milk.type.used...Instance.0_3"	NA
"411"	"Milk.type.used...Instance.0_2"	NA
"412"	"Milk.type.used...Instance.0_1"	NA
"413"	"Milk.type.used...Instance.0_5"	NA
"414"	"Milk.type.used...Instance.0_4"	NA
"415"	"Milk.type.used...Instance.0_6"	NA
"416"	"Spread.type...Instance.0_3"	NA
"417"	"Spread.type...Instance.0_1"	NA
"418"	"Spread.type...Instance.0_0"	NA
"419"	"Spread.type...Instance.0_2"	NA
"420"	"Non.butter.spread.type.details...Instance.0_7"	NA
"421"	"Non.butter.spread.type.details...Instance.0_9"	NA
"422"	"Non.butter.spread.type.details...Instance.0_6"	NA
"423"	"Non.butter.spread.type.details...Instance.0_4"	NA
"424"	"Non.butter.spread.type.details...Instance.0_2"	NA
"425"	"Non.butter.spread.type.details...Instance.0_8"	NA
"426"	"Bread.type...Instance.0_3"	NA
"427"	"Bread.type...Instance.0_4"	NA
"428"	"Bread.type...Instance.0_2"	NA
"429"	"Bread.type...Instance.0_1"	NA
"430"	"Cereal.type...Instance.0_3"	NA
"431"	"Cereal.type...Instance.0_2"	NA
"432"	"Cereal.type...Instance.0_5"	NA
"433"	"Cereal.type...Instance.0_1"	NA
"434"	"Cereal.type...Instance.0_4"	NA
"435"	"Salt.added.to.food...Instance.0_2"	NA
"436"	"Salt.added.to.food...Instance.0_1"	NA
"437"	"Salt.added.to.food...Instance.0_3"	NA
"438"	"Salt.added.to.food...Instance.0_4"	NA
"439"	"Coffee.type...Instance.0_2"	NA
"440"	"Coffee.type...Instance.0_3"	NA
"441"	"Coffee.type...Instance.0_1"	NA
"442"	"Coffee.type...Instance.0_4"	NA
"443"	"Hot.drink.temperature...Instance.0_2"	NA
"444"	"Hot.drink.temperature...Instance.0_1"	NA
"445"	"Hot.drink.temperature...Instance.0_3"	NA
"446"	"Hot.drink.temperature...Instance.0_neg2"	NA
"447"	"Major.dietary.changes.in.the.last.5.years...Instance.0_2"	NA
"448"	"Major.dietary.changes.in.the.last.5.years...Instance.0_0"	NA
"449"	"Major.dietary.changes.in.the.last.5.years...Instance.0_1"	NA
"450"	"Variation.in.diet...Instance.0_2"	NA
"451"	"Variation.in.diet...Instance.0_1"	NA
"452"	"Variation.in.diet...Instance.0_3"	NA
"453"	"Alcohol.drinker.status...Instance.0_2"	NA
"454"	"Alcohol.drinker.status...Instance.0_0"	NA
"455"	"Alcohol.drinker.status...Instance.0_1"	NA
"456"	"Alcohol.intake.frequency....Instance.0_5"	NA
"457"	"Alcohol.intake.frequency....Instance.0_4"	NA
"458"	"Alcohol.intake.frequency....Instance.0_1"	NA
"459"	"Alcohol.intake.frequency....Instance.0_2"	NA
"460"	"Alcohol.intake.frequency....Instance.0_3"	NA
"461"	"Alcohol.intake.frequency....Instance.0_6"	NA
"462"	"Former.alcohol.drinker...Instance.0_0"	NA
"463"	"Former.alcohol.drinker...Instance.0_1"	NA
"464"	"Average.monthly.red.wine.intake...Instance.0_Lower.third"	0
"465"	"Average.monthly.red.wine.intake...Instance.0_Upper.third"	1
"466"	"Average.monthly.champagne.plus.white.wine.intake...Instance.0_Lower.third"	0
"467"	"Average.monthly.champagne.plus.white.wine.intake...Instance.0_Upper.third"	1
"468"	"Average.monthly.beer.plus.cider.intake...Instance.0_Lower.third"	0
"469"	"Average.monthly.beer.plus.cider.intake...Instance.0_Upper.third"	1
"470"	"Average.monthly.spirits.intake...Instance.0_Lower.third"	0
"471"	"Average.monthly.spirits.intake...Instance.0_Upper.third"	0
"472"	"Average.monthly.fortified.wine.intake...Instance.0_Lower.third"	0
"473"	"Average.monthly.fortified.wine.intake...Instance.0_Upper.third"	0
"474"	"Average.monthly.intake.of.other.alcoholic.drinks...Instance.0_Lower.third"	0
"475"	"Average.monthly.intake.of.other.alcoholic.drinks...Instance.0_Upper.third"	0
"476"	"Average.weekly.red.wine.intake...Instance.0_Lower.third"	0
"477"	"Average.weekly.red.wine.intake...Instance.0_Upper.third"	4
"478"	"Average.weekly.champagne.plus.white.wine.intake...Instance.0_Lower.third"	0
"479"	"Average.weekly.champagne.plus.white.wine.intake...Instance.0_Upper.third"	2
"480"	"Average.weekly.beer.plus.cider.intake...Instance.0_Lower.third"	0
"481"	"Average.weekly.beer.plus.cider.intake...Instance.0_Upper.third"	2
"482"	"Average.weekly.spirits.intake...Instance.0_Lower.third"	0
"483"	"Average.weekly.spirits.intake...Instance.0_Upper.third"	1
"484"	"Average.weekly.fortified.wine.intake...Instance.0_Lower.third"	0
"485"	"Average.weekly.fortified.wine.intake...Instance.0_Upper.third"	0
"486"	"Average.weekly.intake.of.other.alcoholic.drinks...Instance.0_Lower.third"	0
"487"	"Average.weekly.intake.of.other.alcoholic.drinks...Instance.0_Upper.third"	0
"488"	"Alcohol.usually.taken.with.meals...Instance.0_0"	NA
"489"	"Alcohol.usually.taken.with.meals...Instance.0_neg6"	NA
"490"	"Alcohol.usually.taken.with.meals...Instance.0_1"	NA
"491"	"Alcohol.intake.versus.10.years.previously...Instance.0_3"	NA
"492"	"Alcohol.intake.versus.10.years.previously...Instance.0_1"	NA
"493"	"Alcohol.intake.versus.10.years.previously...Instance.0_2"	NA
"494"	"Reason.for.reducing.amount.of.alcohol.drunk...Instance.0_3"	NA
"495"	"Reason.for.reducing.amount.of.alcohol.drunk...Instance.0_5"	NA
"496"	"Reason.for.reducing.amount.of.alcohol.drunk...Instance.0_2"	NA
"497"	"Reason.for.reducing.amount.of.alcohol.drunk...Instance.0_1"	NA
"498"	"Reason.for.reducing.amount.of.alcohol.drunk...Instance.0_4"	NA
"499"	"Reason.former.drinker.stopped.drinking.alcohol...Instance.0_1"	NA
"500"	"Reason.former.drinker.stopped.drinking.alcohol...Instance.0_5"	NA
"501"	"Reason.former.drinker.stopped.drinking.alcohol...Instance.0_3"	NA
"502"	"Reason.former.drinker.stopped.drinking.alcohol...Instance.0_2"	NA
"503"	"Skin.colour...Instance.0_3"	NA
"504"	"Skin.colour...Instance.0_2"	NA
"505"	"Skin.colour...Instance.0_1"	NA
"506"	"Skin.colour...Instance.0_5"	NA
"507"	"Skin.colour...Instance.0_4"	NA
"508"	"Skin.colour...Instance.0_6"	NA
"509"	"Ease.of.skin.tanning...Instance.0_2"	NA
"510"	"Ease.of.skin.tanning...Instance.0_4"	NA
"511"	"Ease.of.skin.tanning...Instance.0_1"	NA
"512"	"Ease.of.skin.tanning...Instance.0_3"	NA
"513"	"Hair.colour..natural..before.greying....Instance.0_3"	NA
"514"	"Hair.colour..natural..before.greying....Instance.0_4"	NA
"515"	"Hair.colour..natural..before.greying....Instance.0_5"	NA
"516"	"Hair.colour..natural..before.greying....Instance.0_2"	NA
"517"	"Hair.colour..natural..before.greying....Instance.0_1"	NA
"518"	"Hair.colour..natural..before.greying....Instance.0_6"	NA
"519"	"Facial.ageing...Instance.0_1"	NA
"520"	"Facial.ageing...Instance.0_2"	NA
"521"	"Facial.ageing...Instance.0_3"	NA
"522"	"Use.of.sun.uv.protection...Instance.0_3"	NA
"523"	"Use.of.sun.uv.protection...Instance.0_4"	NA
"524"	"Use.of.sun.uv.protection...Instance.0_2"	NA
"525"	"Use.of.sun.uv.protection...Instance.0_1"	NA
"526"	"Use.of.sun.uv.protection...Instance.0_5"	NA
"527"	"Answered.sexual.history.questions...Instance.0_1"	NA
"528"	"Answered.sexual.history.questions...Instance.0_2"	NA
"529"	"Age.first.had.sexual.intercourse...Instance.0_neg2"	NA
"530"	"Age.first.had.sexual.intercourse...Instance.0_Lower.third"	17
"531"	"Age.first.had.sexual.intercourse...Instance.0_Upper.third"	20
"532"	"Lifetime.number.of.sexual.partners...Instance.0_Lower.third"	2
"533"	"Lifetime.number.of.sexual.partners...Instance.0_Upper.third"	5
"534"	"Ever.had.same.sex.intercourse...Instance.0_0"	NA
"535"	"Ever.had.same.sex.intercourse...Instance.0_1"	NA
"536"	"Lifetime.number.of.same.sex.sexual.partners...Instance.0_Lower.third"	1
"537"	"Lifetime.number.of.same.sex.sexual.partners...Instance.0_Upper.third"	4
"538"	"Breastfed.as.a.baby...Instance.0_0"	NA
"539"	"Breastfed.as.a.baby...Instance.0_1"	NA
"540"	"Comparative.body.size.at.age.10...Instance.0_2"	NA
"541"	"Comparative.body.size.at.age.10...Instance.0_3"	NA
"542"	"Comparative.body.size.at.age.10...Instance.0_1"	NA
"543"	"Comparative.height.size.at.age.10...Instance.0_3"	NA
"544"	"Comparative.height.size.at.age.10...Instance.0_2"	NA
"545"	"Comparative.height.size.at.age.10...Instance.0_1"	NA
"546"	"Handedness..chirality.laterality....Instance.0_1"	NA
"547"	"Handedness..chirality.laterality....Instance.0_2"	NA
"548"	"Handedness..chirality.laterality....Instance.0_3"	NA
"549"	"Adopted.as.a.child...Instance.0_0"	NA
"550"	"Adopted.as.a.child...Instance.0_1"	NA
"551"	"Part.of.a.multiple.birth...Instance.0_0"	NA
"552"	"Part.of.a.multiple.birth...Instance.0_1"	NA
"553"	"Maternal.smoking.around.birth...Instance.0_0"	NA
"554"	"Maternal.smoking.around.birth...Instance.0_1"	NA
"555"	"Father.still.alive...Instance.0_0"	NA
"556"	"Father.still.alive...Instance.0_1"	NA
"557"	"Adopted.father.still.alive...Instance.0_0"	NA
"558"	"Adopted.father.still.alive...Instance.0_1"	NA
"559"	"Father.s.age...Instance.0_Lower.third"	74
"560"	"Father.s.age...Instance.0_Upper.third"	81
"561"	"Father.s.age.at.death...Instance.0_Lower.third"	66
"562"	"Father.s.age.at.death...Instance.0_Upper.third"	77
"563"	"Mother.still.alive...Instance.0_1"	NA
"564"	"Mother.still.alive...Instance.0_0"	NA
"565"	"Adopted.mother.still.alive...Instance.0_0"	NA
"566"	"Adopted.mother.still.alive...Instance.0_1"	NA
"567"	"Mother.s.age...Instance.0_Lower.third"	74
"568"	"Mother.s.age...Instance.0_Upper.third"	82
"569"	"Mother.s.age.at.death...Instance.0_Lower.third"	70
"570"	"Mother.s.age.at.death...Instance.0_Upper.third"	82
"571"	"Number.of.full.brothers...Instance.0_Lower.third"	0
"572"	"Number.of.full.brothers...Instance.0_Upper.third"	1
"573"	"Number.of.adopted.brothers...Instance.0_Lower.third"	0
"574"	"Number.of.adopted.brothers...Instance.0_Upper.third"	1
"575"	"Number.of.full.sisters...Instance.0_Lower.third"	0
"576"	"Number.of.full.sisters...Instance.0_Upper.third"	1
"577"	"Number.of.adopted.sisters...Instance.0_Lower.third"	0
"578"	"Number.of.adopted.sisters...Instance.0_Upper.third"	1
"579"	"Number.of.older.siblings...Instance.0_Lower.third"	0
"580"	"Number.of.older.siblings...Instance.0_Upper.third"	1
"581"	"Illnesses.of.adopted.father...Instance.0_1"	0
"582"	"Illnesses.of.adopted.father...Instance.0_neg17"	0
"583"	"Illnesses.of.adopted.father...Instance.0_neg27"	0
"584"	"Illnesses.of.adopted.father...Instance.0_8"	0
"585"	"Illnesses.of.adopted.father...Instance.0_6"	0
"586"	"Illnesses.of.adopted.father...Instance.0_2"	0
"587"	"Illnesses.of.adopted.mother...Instance.0_neg27"	0
"588"	"Illnesses.of.adopted.mother...Instance.0_neg17"	0
"589"	"Illnesses.of.adopted.mother...Instance.0_8"	0
"590"	"Illnesses.of.adopted.mother...Instance.0_2"	0
"591"	"Illnesses.of.adopted.mother...Instance.0_1"	0
"592"	"Illnesses.of.adopted.siblings...Instance.0_neg17"	0
"593"	"Illnesses.of.adopted.siblings...Instance.0_neg27"	0
"594"	"Illnesses.of.father...Instance.0_9"	0
"595"	"Illnesses.of.father...Instance.0_1"	0
"596"	"Illnesses.of.father...Instance.0_neg27"	0
"597"	"Illnesses.of.father...Instance.0_3"	0
"598"	"Illnesses.of.father...Instance.0_neg17"	0
"599"	"Illnesses.of.father...Instance.0_8"	0
"600"	"Illnesses.of.father...Instance.0_2"	0
"601"	"Illnesses.of.father...Instance.0_4"	0
"602"	"Illnesses.of.father...Instance.0_6"	0
"603"	"Illnesses.of.father...Instance.0_13"	0
"604"	"Illnesses.of.father...Instance.0_12"	0
"605"	"Illnesses.of.father...Instance.0_10"	0
"606"	"Illnesses.of.father...Instance.0_11"	0
"607"	"Illnesses.of.mother...Instance.0_12"	0
"608"	"Illnesses.of.mother...Instance.0_neg17"	0
"609"	"Illnesses.of.mother...Instance.0_10"	0
"610"	"Illnesses.of.mother...Instance.0_neg27"	0
"611"	"Illnesses.of.mother...Instance.0_9"	0
"612"	"Illnesses.of.mother...Instance.0_5"	0
"613"	"Illnesses.of.mother...Instance.0_8"	0
"614"	"Illnesses.of.mother...Instance.0_1"	0
"615"	"Illnesses.of.mother...Instance.0_3"	0
"616"	"Illnesses.of.mother...Instance.0_6"	0
"617"	"Illnesses.of.mother...Instance.0_2"	0
"618"	"Illnesses.of.mother...Instance.0_4"	0
"619"	"Illnesses.of.mother...Instance.0_11"	0
"620"	"Illnesses.of.siblings...Instance.0_12"	0
"621"	"Illnesses.of.siblings...Instance.0_9"	0
"622"	"Illnesses.of.siblings...Instance.0_neg27"	0
"623"	"Illnesses.of.siblings...Instance.0_neg17"	0
"624"	"Illnesses.of.siblings...Instance.0_8"	0
"625"	"Illnesses.of.siblings...Instance.0_4"	0
"626"	"Illnesses.of.siblings...Instance.0_1"	0
"627"	"Illnesses.of.siblings...Instance.0_3"	0
"628"	"Illnesses.of.siblings...Instance.0_5"	0
"629"	"Illnesses.of.siblings...Instance.0_2"	0
"630"	"Illnesses.of.siblings...Instance.0_6"	0
"631"	"Illnesses.of.siblings...Instance.0_10"	0
"632"	"Illnesses.of.siblings...Instance.0_13"	0
"633"	"Illnesses.of.siblings...Instance.0_11"	0
"634"	"Non.accidental.death.in.close.genetic.family...Instance.0_0"	NA
"635"	"Non.accidental.death.in.close.genetic.family...Instance.0_1"	NA
"636"	"Frequency.of.friend.family.visits...Instance.0_3"	NA
"637"	"Frequency.of.friend.family.visits...Instance.0_2"	NA
"638"	"Frequency.of.friend.family.visits...Instance.0_4"	NA
"639"	"Frequency.of.friend.family.visits...Instance.0_1"	NA
"640"	"Frequency.of.friend.family.visits...Instance.0_5"	NA
"641"	"Frequency.of.friend.family.visits...Instance.0_7"	NA
"642"	"Frequency.of.friend.family.visits...Instance.0_6"	NA
"643"	"Leisure.social.activities...Instance.0_1"	NA
"644"	"Leisure.social.activities...Instance.0_3"	NA
"645"	"Leisure.social.activities...Instance.0_4"	NA
"646"	"Leisure.social.activities...Instance.0_neg7"	NA
"647"	"Leisure.social.activities...Instance.0_5"	NA
"648"	"Leisure.social.activities...Instance.0_2"	NA
"649"	"Able.to.confide...Instance.0_5"	NA
"650"	"Able.to.confide...Instance.0_0"	NA
"651"	"Able.to.confide...Instance.0_1"	NA
"652"	"Able.to.confide...Instance.0_3"	NA
"653"	"Able.to.confide...Instance.0_4"	NA
"654"	"Able.to.confide...Instance.0_2"	NA
"655"	"Mood.swings...Instance.0_0"	NA
"656"	"Mood.swings...Instance.0_1"	NA
"657"	"Miserableness...Instance.0_0"	NA
"658"	"Miserableness...Instance.0_1"	NA
"659"	"Irritability...Instance.0_0"	NA
"660"	"Irritability...Instance.0_1"	NA
"661"	"Sensitivity...hurt.feelings...Instance.0_1"	NA
"662"	"Sensitivity...hurt.feelings...Instance.0_0"	NA
"663"	"Fed.up.feelings...Instance.0_0"	NA
"664"	"Fed.up.feelings...Instance.0_1"	NA
"665"	"Nervous.feelings...Instance.0_0"	NA
"666"	"Nervous.feelings...Instance.0_1"	NA
"667"	"Worrier...anxious.feelings...Instance.0_1"	NA
"668"	"Worrier...anxious.feelings...Instance.0_0"	NA
"669"	"Tense....highly.strung....Instance.0_0"	NA
"670"	"Tense....highly.strung....Instance.0_1"	NA
"671"	"Worry.too.long.after.embarrassment...Instance.0_1"	NA
"672"	"Worry.too.long.after.embarrassment...Instance.0_0"	NA
"673"	"Suffer.from..nerves....Instance.0_1"	NA
"674"	"Suffer.from..nerves....Instance.0_0"	NA
"675"	"Loneliness..isolation...Instance.0_1"	NA
"676"	"Loneliness..isolation...Instance.0_0"	NA
"677"	"Guilty.feelings...Instance.0_1"	NA
"678"	"Guilty.feelings...Instance.0_0"	NA
"679"	"Risk.taking...Instance.0_0"	NA
"680"	"Risk.taking...Instance.0_1"	NA
"681"	"Happiness...Instance.0_3"	NA
"682"	"Happiness...Instance.0_2"	NA
"683"	"Happiness...Instance.0_1"	NA
"684"	"Happiness...Instance.0_6"	NA
"685"	"Happiness...Instance.0_4"	NA
"686"	"Happiness...Instance.0_5"	NA
"687"	"Work.job.satisfaction...Instance.0_7"	NA
"688"	"Work.job.satisfaction...Instance.0_5"	NA
"689"	"Work.job.satisfaction...Instance.0_2"	NA
"690"	"Work.job.satisfaction...Instance.0_3"	NA
"691"	"Work.job.satisfaction...Instance.0_1"	NA
"692"	"Work.job.satisfaction...Instance.0_4"	NA
"693"	"Work.job.satisfaction...Instance.0_6"	NA
"694"	"Health.satisfaction...Instance.0_3"	NA
"695"	"Health.satisfaction...Instance.0_2"	NA
"696"	"Health.satisfaction...Instance.0_1"	NA
"697"	"Health.satisfaction...Instance.0_5"	NA
"698"	"Health.satisfaction...Instance.0_4"	NA
"699"	"Health.satisfaction...Instance.0_6"	NA
"700"	"Family.relationship.satisfaction...Instance.0_3"	NA
"701"	"Family.relationship.satisfaction...Instance.0_2"	NA
"702"	"Family.relationship.satisfaction...Instance.0_5"	NA
"703"	"Family.relationship.satisfaction...Instance.0_1"	NA
"704"	"Family.relationship.satisfaction...Instance.0_4"	NA
"705"	"Family.relationship.satisfaction...Instance.0_6"	NA
"706"	"Friendships.satisfaction...Instance.0_5"	NA
"707"	"Friendships.satisfaction...Instance.0_3"	NA
"708"	"Friendships.satisfaction...Instance.0_2"	NA
"709"	"Friendships.satisfaction...Instance.0_1"	NA
"710"	"Friendships.satisfaction...Instance.0_6"	NA
"711"	"Friendships.satisfaction...Instance.0_4"	NA
"712"	"Financial.situation.satisfaction...Instance.0_2"	NA
"713"	"Financial.situation.satisfaction...Instance.0_3"	NA
"714"	"Financial.situation.satisfaction...Instance.0_5"	NA
"715"	"Financial.situation.satisfaction...Instance.0_1"	NA
"716"	"Financial.situation.satisfaction...Instance.0_4"	NA
"717"	"Financial.situation.satisfaction...Instance.0_6"	NA
"718"	"Frequency.of.depressed.mood.in.last.2.weeks...Instance.0_1"	NA
"719"	"Frequency.of.depressed.mood.in.last.2.weeks...Instance.0_2"	NA
"720"	"Frequency.of.depressed.mood.in.last.2.weeks...Instance.0_3"	NA
"721"	"Frequency.of.depressed.mood.in.last.2.weeks...Instance.0_4"	NA
"722"	"Frequency.of.unenthusiasm...disinterest.in.last.2.weeks...Instance.0_1"	NA
"723"	"Frequency.of.unenthusiasm...disinterest.in.last.2.weeks...Instance.0_3"	NA
"724"	"Frequency.of.unenthusiasm...disinterest.in.last.2.weeks...Instance.0_2"	NA
"725"	"Frequency.of.unenthusiasm...disinterest.in.last.2.weeks...Instance.0_4"	NA
"726"	"Frequency.of.tenseness...restlessness.in.last.2.weeks...Instance.0_2"	NA
"727"	"Frequency.of.tenseness...restlessness.in.last.2.weeks...Instance.0_1"	NA
"728"	"Frequency.of.tenseness...restlessness.in.last.2.weeks...Instance.0_4"	NA
"729"	"Frequency.of.tenseness...restlessness.in.last.2.weeks...Instance.0_3"	NA
"730"	"Frequency.of.tiredness...lethargy.in.last.2.weeks...Instance.0_2"	NA
"731"	"Frequency.of.tiredness...lethargy.in.last.2.weeks...Instance.0_1"	NA
"732"	"Frequency.of.tiredness...lethargy.in.last.2.weeks...Instance.0_4"	NA
"733"	"Frequency.of.tiredness...lethargy.in.last.2.weeks...Instance.0_3"	NA
"734"	"Seen.doctor..GP..for.nerves..anxiety..tension.or.depression...Instance.0_0"	NA
"735"	"Seen.doctor..GP..for.nerves..anxiety..tension.or.depression...Instance.0_1"	NA
"736"	"Seen.a.psychiatrist.for.nerves..anxiety..tension.or.depression...Instance.0_0"	NA
"737"	"Seen.a.psychiatrist.for.nerves..anxiety..tension.or.depression...Instance.0_1"	NA
"738"	"Ever.depressed.for.a.whole.week...Instance.0_1"	NA
"739"	"Ever.depressed.for.a.whole.week...Instance.0_0"	NA
"740"	"Longest.period.of.depression...Instance.0_Lower.third"	3
"741"	"Longest.period.of.depression...Instance.0_Upper.third"	10
"742"	"Number.of.depression.episodes...Instance.0_Lower.third"	1
"743"	"Number.of.depression.episodes...Instance.0_Upper.third"	3
"744"	"Ever.unenthusiastic.disinterested.for.a.whole.week...Instance.0_0"	NA
"745"	"Ever.unenthusiastic.disinterested.for.a.whole.week...Instance.0_1"	NA
"746"	"Longest.period.of.unenthusiasm...disinterest...Instance.0_Lower.third"	2
"747"	"Longest.period.of.unenthusiasm...disinterest...Instance.0_Upper.third"	8
"748"	"Number.of.unenthusiastic.disinterested.episodes...Instance.0_Lower.third"	2
"749"	"Number.of.unenthusiastic.disinterested.episodes...Instance.0_Upper.third"	3
"750"	"Ever.manic.hyper.for.2.days...Instance.0_0"	NA
"751"	"Ever.manic.hyper.for.2.days...Instance.0_1"	NA
"752"	"Ever.highly.irritable.argumentative.for.2.days...Instance.0_1"	NA
"753"	"Ever.highly.irritable.argumentative.for.2.days...Instance.0_0"	NA
"754"	"Manic.hyper.symptoms...Instance.0_12"	NA
"755"	"Manic.hyper.symptoms...Instance.0_14"	NA
"756"	"Manic.hyper.symptoms...Instance.0_15"	NA
"757"	"Manic.hyper.symptoms...Instance.0_11"	NA
"758"	"Manic.hyper.symptoms...Instance.0_13"	NA
"759"	"Manic.hyper.symptoms...Instance.0_neg7"	NA
"760"	"Length.of.longest.manic.irritable.episode...Instance.0_11"	NA
"761"	"Length.of.longest.manic.irritable.episode...Instance.0_12"	NA
"762"	"Length.of.longest.manic.irritable.episode...Instance.0_13"	NA
"763"	"Severity.of.manic.irritable.episodes...Instance.0_11"	NA
"764"	"Severity.of.manic.irritable.episodes...Instance.0_12"	NA
"765"	"Illness..injury..bereavement..stress.in.last.2.years...Instance.0_6"	NA
"766"	"Illness..injury..bereavement..stress.in.last.2.years...Instance.0_neg7"	NA
"767"	"Illness..injury..bereavement..stress.in.last.2.years...Instance.0_3"	NA
"768"	"Illness..injury..bereavement..stress.in.last.2.years...Instance.0_1"	NA
"769"	"Illness..injury..bereavement..stress.in.last.2.years...Instance.0_2"	NA
"770"	"Illness..injury..bereavement..stress.in.last.2.years...Instance.0_5"	NA
"771"	"Illness..injury..bereavement..stress.in.last.2.years...Instance.0_4"	NA
"772"	"Wears.glasses.or.contact.lenses...Instance.0_1"	NA
"773"	"Wears.glasses.or.contact.lenses...Instance.0_0"	NA
"774"	"Age.started.wearing.glasses.or.contact.lenses...Instance.0_Lower.third"	19
"775"	"Age.started.wearing.glasses.or.contact.lenses...Instance.0_Upper.third"	45
"776"	"Reason.for.glasses.contact.lenses...Instance.0_3"	NA
"777"	"Reason.for.glasses.contact.lenses...Instance.0_2"	NA
"778"	"Reason.for.glasses.contact.lenses...Instance.0_1"	NA
"779"	"Reason.for.glasses.contact.lenses...Instance.0_6"	NA
"780"	"Reason.for.glasses.contact.lenses...Instance.0_7"	NA
"781"	"Reason.for.glasses.contact.lenses...Instance.0_4"	NA
"782"	"Reason.for.glasses.contact.lenses...Instance.0_5"	NA
"783"	"Which.eye.s..affected.by.myopia..short.sight....Instance.0_3"	NA
"784"	"Which.eye.s..affected.by.myopia..short.sight....Instance.0_2"	NA
"785"	"Which.eye.s..affected.by.myopia..short.sight....Instance.0_1"	NA
"786"	"Which.eye.s..affected.by.hypermetropia..long.sight....Instance.0_3"	NA
"787"	"Which.eye.s..affected.by.hypermetropia..long.sight....Instance.0_1"	NA
"788"	"Which.eye.s..affected.by.hypermetropia..long.sight....Instance.0_2"	NA
"789"	"Which.eye.s..affected.by.presbyopia...Instance.0_3"	NA
"790"	"Which.eye.s..affected.by.presbyopia...Instance.0_2"	NA
"791"	"Which.eye.s..affected.by.presbyopia...Instance.0_1"	NA
"792"	"Which.eye.s..affected.by.astigmatism...Instance.0_3"	NA
"793"	"Which.eye.s..affected.by.astigmatism...Instance.0_1"	NA
"794"	"Which.eye.s..affected.by.astigmatism...Instance.0_2"	NA
"795"	"Which.eye.s..affected.by.strabismus..squint....Instance.0_2"	NA
"796"	"Which.eye.s..affected.by.strabismus..squint....Instance.0_1"	NA
"797"	"Which.eye.s..affected.by.strabismus..squint....Instance.0_3"	NA
"798"	"Which.eye.s..affected.by.amblyopia..lazy.eye....Instance.0_1"	NA
"799"	"Which.eye.s..affected.by.amblyopia..lazy.eye....Instance.0_2"	NA
"800"	"Which.eye.s..affected.by.amblyopia..lazy.eye....Instance.0_3"	NA
"801"	"Which.eye.s..affected.by.other.eye.condition...Instance.0_3"	NA
"802"	"Which.eye.s..affected.by.other.eye.condition...Instance.0_1"	NA
"803"	"Which.eye.s..affected.by.other.eye.condition...Instance.0_2"	NA
"804"	"Other.eye.problems...Instance.0_0"	NA
"805"	"Other.eye.problems...Instance.0_1"	NA
"806"	"Eye.problems.disorders...Instance.0_neg7"	NA
"807"	"Eye.problems.disorders...Instance.0_4"	NA
"808"	"Eye.problems.disorders...Instance.0_6"	NA
"809"	"Eye.problems.disorders...Instance.0_5"	NA
"810"	"Eye.problems.disorders...Instance.0_1"	NA
"811"	"Eye.problems.disorders...Instance.0_2"	NA
"812"	"Eye.problems.disorders...Instance.0_3"	NA
"813"	"Which.eye.s..affected.by.diabetes.related.eye.disease...Instance.0_3"	NA
"814"	"Which.eye.s..affected.by.diabetes.related.eye.disease...Instance.0_2"	NA
"815"	"Which.eye.s..affected.by.diabetes.related.eye.disease...Instance.0_1"	NA
"816"	"Which.eye.s..affected.by.glaucoma...Instance.0_3"	NA
"817"	"Which.eye.s..affected.by.glaucoma...Instance.0_2"	NA
"818"	"Which.eye.s..affected.by.glaucoma...Instance.0_1"	NA
"819"	"Which.eye.s..affected.by.injury.or.trauma.resulting.in.loss.of.vision...Instance.0_2"	NA
"820"	"Which.eye.s..affected.by.injury.or.trauma.resulting.in.loss.of.vision...Instance.0_1"	NA
"821"	"Which.eye.s..are.affected.by.cataract...Instance.0_1"	NA
"822"	"Which.eye.s..are.affected.by.cataract...Instance.0_3"	NA
"823"	"Which.eye.s..are.affected.by.cataract...Instance.0_2"	NA
"824"	"Which.eye.s..affected.by.macular.degeneration...Instance.0_3"	NA
"825"	"Which.eye.s..affected.by.macular.degeneration...Instance.0_1"	NA
"826"	"Which.eye.s..affected.by.macular.degeneration...Instance.0_2"	NA
"827"	"Which.eye.s..affected.by.other.serious.eye.condition...Instance.0_1"	NA
"828"	"Which.eye.s..affected.by.other.serious.eye.condition...Instance.0_3"	NA
"829"	"Which.eye.s..affected.by.other.serious.eye.condition...Instance.0_2"	NA
"830"	"Age.when.diabetes.related.eye.disease.diagnosed...Instance.0_Lower.third"	49
"831"	"Age.when.diabetes.related.eye.disease.diagnosed...Instance.0_Upper.third"	58
"832"	"Age.glaucoma.diagnosed...Instance.0_Lower.third"	50
"833"	"Age.glaucoma.diagnosed...Instance.0_Upper.third"	59
"834"	"Age.when.loss.of.vision.due.to.injury.or.trauma.diagnosed...Instance.0_Lower.third"	21
"835"	"Age.when.loss.of.vision.due.to.injury.or.trauma.diagnosed...Instance.0_Upper.third"	45
"836"	"Age.cataract.diagnosed...Instance.0_Lower.third"	57
"837"	"Age.cataract.diagnosed...Instance.0_Upper.third"	63
"838"	"Age.macular.degeneration.diagnosed...Instance.0_Lower.third"	55
"839"	"Age.macular.degeneration.diagnosed...Instance.0_Upper.third"	62
"840"	"Age.other.serious.eye.condition.diagnosed...Instance.0_Lower.third"	40
"841"	"Age.other.serious.eye.condition.diagnosed...Instance.0_Upper.third"	56
"842"	"Mouth.teeth.dental.problems...Instance.0_3"	NA
"843"	"Mouth.teeth.dental.problems...Instance.0_4"	NA
"844"	"Mouth.teeth.dental.problems...Instance.0_neg7"	NA
"845"	"Mouth.teeth.dental.problems...Instance.0_1"	NA
"846"	"Mouth.teeth.dental.problems...Instance.0_6"	NA
"847"	"Mouth.teeth.dental.problems...Instance.0_5"	NA
"848"	"Mouth.teeth.dental.problems...Instance.0_2"	NA
"849"	"Overall.health.rating...Instance.0_2"	NA
"850"	"Overall.health.rating...Instance.0_1"	NA
"851"	"Overall.health.rating...Instance.0_3"	NA
"852"	"Overall.health.rating...Instance.0_4"	NA
"853"	"Long.standing.illness..disability.or.infirmity...Instance.0_0"	NA
"854"	"Long.standing.illness..disability.or.infirmity...Instance.0_1"	NA
"855"	"Falls.in.the.last.year...Instance.0_2"	NA
"856"	"Falls.in.the.last.year...Instance.0_1"	NA
"857"	"Falls.in.the.last.year...Instance.0_3"	NA
"858"	"Weight.change.compared.with.1.year.ago...Instance.0_2"	NA
"859"	"Weight.change.compared.with.1.year.ago...Instance.0_0"	NA
"860"	"Weight.change.compared.with.1.year.ago...Instance.0_3"	NA
"861"	"Wheeze.or.whistling.in.the.chest.in.last.year...Instance.0_0"	NA
"862"	"Wheeze.or.whistling.in.the.chest.in.last.year...Instance.0_1"	NA
"863"	"Shortness.of.breath.walking.on.level.ground...Instance.0_0"	NA
"864"	"Shortness.of.breath.walking.on.level.ground...Instance.0_1"	NA
"865"	"Leg.pain.on.walking...Instance.0_1"	NA
"866"	"Leg.pain.on.walking...Instance.0_0"	NA
"867"	"Leg.pain.when.standing.still.or.sitting...Instance.0_1"	NA
"868"	"Leg.pain.when.standing.still.or.sitting...Instance.0_0"	NA
"869"	"Leg.pain.in.calf.calves...Instance.0_0"	NA
"870"	"Leg.pain.in.calf.calves...Instance.0_1"	NA
"871"	"Leg.pain.when.walking.uphill.or.hurrying...Instance.0_1"	NA
"872"	"Leg.pain.when.walking.uphill.or.hurrying...Instance.0_0"	NA
"873"	"Leg.pain.when.walking.normally...Instance.0_0"	NA
"874"	"Leg.pain.when.walking.normally...Instance.0_1"	NA
"875"	"Leg.pain.when.walking.ever.disappears.while.walking...Instance.0_1"	NA
"876"	"Leg.pain.when.walking.ever.disappears.while.walking...Instance.0_0"	NA
"877"	"Leg.pain.on.walking...action.taken...Instance.0_2"	NA
"878"	"Leg.pain.on.walking...action.taken...Instance.0_3"	NA
"879"	"Leg.pain.on.walking...action.taken...Instance.0_1"	NA
"880"	"Leg.pain.on.walking...effect.of.standing.still...Instance.0_2"	NA
"881"	"Leg.pain.on.walking...effect.of.standing.still...Instance.0_1"	NA
"882"	"Surgery.on.leg.arteries..other.than.for.varicose.veins....Instance.0_0"	NA
"883"	"Surgery.on.leg.arteries..other.than.for.varicose.veins....Instance.0_1"	NA
"884"	"Surgery.amputation.of.toe.or.leg...Instance.0_0"	NA
"885"	"Surgery.amputation.of.toe.or.leg...Instance.0_1"	NA
"886"	"Pain.type.s..experienced.in.last.month...Instance.0_7"	NA
"887"	"Pain.type.s..experienced.in.last.month...Instance.0_1"	NA
"888"	"Pain.type.s..experienced.in.last.month...Instance.0_4"	NA
"889"	"Pain.type.s..experienced.in.last.month...Instance.0_3"	NA
"890"	"Pain.type.s..experienced.in.last.month...Instance.0_neg7"	NA
"891"	"Pain.type.s..experienced.in.last.month...Instance.0_6"	NA
"892"	"Pain.type.s..experienced.in.last.month...Instance.0_5"	NA
"893"	"Pain.type.s..experienced.in.last.month...Instance.0_8"	NA
"894"	"Pain.type.s..experienced.in.last.month...Instance.0_2"	NA
"895"	"Headaches.for.3..months...Instance.0_0"	NA
"896"	"Headaches.for.3..months...Instance.0_1"	NA
"897"	"Facial.pains.for.3..months...Instance.0_0"	NA
"898"	"Facial.pains.for.3..months...Instance.0_1"	NA
"899"	"Neck.shoulder.pain.for.3..months...Instance.0_1"	NA
"900"	"Neck.shoulder.pain.for.3..months...Instance.0_0"	NA
"901"	"Back.pain.for.3..months...Instance.0_1"	NA
"902"	"Back.pain.for.3..months...Instance.0_0"	NA
"903"	"Stomach.abdominal.pain.for.3..months...Instance.0_0"	NA
"904"	"Stomach.abdominal.pain.for.3..months...Instance.0_1"	NA
"905"	"Hip.pain.for.3..months...Instance.0_1"	NA
"906"	"Hip.pain.for.3..months...Instance.0_0"	NA
"907"	"Knee.pain.for.3..months...Instance.0_0"	NA
"908"	"Knee.pain.for.3..months...Instance.0_1"	NA
"909"	"General.pain.for.3..months...Instance.0_1"	NA
"910"	"General.pain.for.3..months...Instance.0_0"	NA
"911"	"Chest.pain.or.discomfort...Instance.0_0"	NA
"912"	"Chest.pain.or.discomfort...Instance.0_1"	NA
"913"	"Chest.pain.or.discomfort.walking.normally...Instance.0_0"	NA
"914"	"Chest.pain.or.discomfort.walking.normally...Instance.0_1"	NA
"915"	"Chest.pain.or.discomfort.when.walking.uphill.or.hurrying...Instance.0_0"	NA
"916"	"Chest.pain.or.discomfort.when.walking.uphill.or.hurrying...Instance.0_1"	NA
"917"	"Chest.pain.due.to.walking.ceases.when.standing.still...Instance.0_1"	NA
"918"	"Chest.pain.due.to.walking.ceases.when.standing.still...Instance.0_0"	NA
"919"	"Ever.had.bowel.cancer.screening...Instance.0_0"	NA
"920"	"Ever.had.bowel.cancer.screening...Instance.0_1"	NA
"921"	"Most.recent.bowel.cancer.screening...Instance.0_Lower.third"	1
"922"	"Most.recent.bowel.cancer.screening...Instance.0_Upper.third"	2
"923"	"Ever.had.prostate.specific.antigen..PSA..test...Instance.0_1"	NA
"924"	"Ever.had.prostate.specific.antigen..PSA..test...Instance.0_0"	NA
"925"	"Time.since.last.prostate.specific.antigen..PSA..test...Instance.0_Lower.third"	1
"926"	"Time.since.last.prostate.specific.antigen..PSA..test...Instance.0_Upper.third"	2
"927"	"Combined.sex.major.operations_0"	NA
"928"	"Combined.sex.major.operations_1"	NA
"929"	"Vascular.heart.problems.diagnosed.by.doctor...Instance.0_neg7"	NA
"930"	"Vascular.heart.problems.diagnosed.by.doctor...Instance.0_4"	NA
"931"	"Vascular.heart.problems.diagnosed.by.doctor...Instance.0_1"	NA
"932"	"Vascular.heart.problems.diagnosed.by.doctor...Instance.0_2"	NA
"933"	"Vascular.heart.problems.diagnosed.by.doctor...Instance.0_3"	NA
"934"	"Age.heart.attack.diagnosed...Instance.0_Lower.third"	50
"935"	"Age.heart.attack.diagnosed...Instance.0_Upper.third"	57
"936"	"Age.angina.diagnosed...Instance.0_Lower.third"	50
"937"	"Age.angina.diagnosed...Instance.0_Upper.third"	58
"938"	"Age.stroke.diagnosed...Instance.0_Lower.third"	51
"939"	"Age.stroke.diagnosed...Instance.0_Upper.third"	59
"940"	"Age.high.blood.pressure.diagnosed...Instance.0_Lower.third"	48
"941"	"Age.high.blood.pressure.diagnosed...Instance.0_Upper.third"	56
"942"	"Blood.clot..DVT..bronchitis..emphysema..asthma..rhinitis..eczema..allergy.diagnosed.by.doctor...Instance.0_9"	NA
"943"	"Blood.clot..DVT..bronchitis..emphysema..asthma..rhinitis..eczema..allergy.diagnosed.by.doctor...Instance.0_neg7"	NA
"944"	"Blood.clot..DVT..bronchitis..emphysema..asthma..rhinitis..eczema..allergy.diagnosed.by.doctor...Instance.0_7"	NA
"945"	"Blood.clot..DVT..bronchitis..emphysema..asthma..rhinitis..eczema..allergy.diagnosed.by.doctor...Instance.0_8"	NA
"946"	"Blood.clot..DVT..bronchitis..emphysema..asthma..rhinitis..eczema..allergy.diagnosed.by.doctor...Instance.0_5"	NA
"947"	"Blood.clot..DVT..bronchitis..emphysema..asthma..rhinitis..eczema..allergy.diagnosed.by.doctor...Instance.0_6"	NA
"948"	"Age.deep.vein.thrombosis..DVT..blood.clot.in.leg..diagnosed...Instance.0_Lower.third"	35
"949"	"Age.deep.vein.thrombosis..DVT..blood.clot.in.leg..diagnosed...Instance.0_Upper.third"	51
"950"	"Age.pulmonary.embolism..blood.clot.in.lung..diagnosed...Instance.0_Lower.third"	40
"951"	"Age.pulmonary.embolism..blood.clot.in.lung..diagnosed...Instance.0_Upper.third"	54
"952"	"Age.emphysema.chronic.bronchitis.diagnosed...Instance.0_Lower.third"	40
"953"	"Age.emphysema.chronic.bronchitis.diagnosed...Instance.0_Upper.third"	55
"954"	"Age.asthma.diagnosed...Instance.0_Lower.third"	20
"955"	"Age.asthma.diagnosed...Instance.0_Upper.third"	42
"956"	"Age.hay.fever..rhinitis.or.eczema.diagnosed...Instance.0_Lower.third"	15
"957"	"Age.hay.fever..rhinitis.or.eczema.diagnosed...Instance.0_Upper.third"	30
"958"	"Diabetes.diagnosed.by.doctor...Instance.0_0"	NA
"959"	"Diabetes.diagnosed.by.doctor...Instance.0_1"	NA
"960"	"Gestational.diabetes.only...Instance.0_0"	NA
"961"	"Gestational.diabetes.only...Instance.0_1"	NA
"962"	"Gestational.diabetes.only...Instance.0_neg2"	NA
"963"	"Age.diabetes.diagnosed...Instance.0_Lower.third"	50
"964"	"Age.diabetes.diagnosed...Instance.0_Upper.third"	58
"965"	"Started.insulin.within.one.year.diagnosis.of.diabetes...Instance.0_1"	NA
"966"	"Started.insulin.within.one.year.diagnosis.of.diabetes...Instance.0_0"	NA
"967"	"Cancer.diagnosed.by.doctor...Instance.0_0"	NA
"968"	"Cancer.diagnosed.by.doctor...Instance.0_1"	NA
"969"	"Fractured.broken.bones.in.last.5.years...Instance.0_0"	NA
"970"	"Fractured.broken.bones.in.last.5.years...Instance.0_1"	NA
"971"	"Fractured.bone.site.s....Instance.0_6"	NA
"972"	"Fractured.bone.site.s....Instance.0_1"	NA
"973"	"Fractured.bone.site.s....Instance.0_5"	NA
"974"	"Fractured.bone.site.s....Instance.0_7"	NA
"975"	"Fractured.bone.site.s....Instance.0_2"	NA
"976"	"Fractured.bone.site.s....Instance.0_3"	NA
"977"	"Fractured.bone.site.s....Instance.0_4"	NA
"978"	"Fracture.resulting.from.simple.fall...Instance.0_1"	NA
"979"	"Fracture.resulting.from.simple.fall...Instance.0_0"	NA
"980"	"Other.serious.medical.condition.disability.diagnosed.by.doctor...Instance.0_0"	NA
"981"	"Other.serious.medical.condition.disability.diagnosed.by.doctor...Instance.0_1"	NA
"982"	"Combined.sex.medication_neg7"	NA
"983"	"Combined.sex.medication_4"	NA
"984"	"Combined.sex.medication_5"	NA
"985"	"Combined.sex.medication_1"	NA
"986"	"Combined.sex.medication_2"	NA
"987"	"Combined.sex.medication_3"	NA
"988"	"Taking.other.prescription.medications...Instance.0_1"	NA
"989"	"Taking.other.prescription.medications...Instance.0_0"	NA
"990"	"Medication.for.pain.relief..constipation..heartburn...Instance.0_neg7"	NA
"991"	"Medication.for.pain.relief..constipation..heartburn...Instance.0_3"	NA
"992"	"Medication.for.pain.relief..constipation..heartburn...Instance.0_2"	NA
"993"	"Medication.for.pain.relief..constipation..heartburn...Instance.0_1"	NA
"994"	"Medication.for.pain.relief..constipation..heartburn...Instance.0_6"	NA
"995"	"Medication.for.pain.relief..constipation..heartburn...Instance.0_5"	NA
"996"	"Medication.for.pain.relief..constipation..heartburn...Instance.0_4"	NA
"997"	"Vitamin.and.mineral.supplements...Instance.0_neg7"	NA
"998"	"Vitamin.and.mineral.supplements...Instance.0_7"	NA
"999"	"Vitamin.and.mineral.supplements...Instance.0_1"	NA
"1000"	"Vitamin.and.mineral.supplements...Instance.0_3"	NA
"1001"	"Vitamin.and.mineral.supplements...Instance.0_5"	NA
"1002"	"Vitamin.and.mineral.supplements...Instance.0_2"	NA
"1003"	"Vitamin.and.mineral.supplements...Instance.0_4"	NA
"1004"	"Vitamin.and.mineral.supplements...Instance.0_6"	NA
"1005"	"Mineral.and.other.dietary.supplements...Instance.0_1"	NA
"1006"	"Mineral.and.other.dietary.supplements...Instance.0_neg7"	NA
"1007"	"Mineral.and.other.dietary.supplements...Instance.0_2"	NA
"1008"	"Mineral.and.other.dietary.supplements...Instance.0_3"	NA
"1009"	"Mineral.and.other.dietary.supplements...Instance.0_6"	NA
"1010"	"Mineral.and.other.dietary.supplements...Instance.0_5"	NA
"1011"	"Mineral.and.other.dietary.supplements...Instance.0_4"	NA
"1012"	"Hearing.difficulty.problems...Instance.0_0"	NA
"1013"	"Hearing.difficulty.problems...Instance.0_1"	NA
"1014"	"Hearing.difficulty.problems.with.background.noise...Instance.0_0"	NA
"1015"	"Hearing.difficulty.problems.with.background.noise...Instance.0_1"	NA
"1016"	"Hearing.aid.user...Instance.0_0"	NA
"1017"	"Hearing.aid.user...Instance.0_1"	NA
"1018"	"Cochlear.implant...Instance.0_0"	NA
"1019"	"Cochlear.implant...Instance.0_1"	NA
"1020"	"Tinnitus...Instance.0_0"	NA
"1021"	"Tinnitus...Instance.0_13"	NA
"1022"	"Tinnitus...Instance.0_14"	NA
"1023"	"Tinnitus...Instance.0_11"	NA
"1024"	"Tinnitus...Instance.0_12"	NA
"1025"	"Tinnitus.severity.nuisance...Instance.0_12"	NA
"1026"	"Tinnitus.severity.nuisance...Instance.0_13"	NA
"1027"	"Tinnitus.severity.nuisance...Instance.0_11"	NA
"1028"	"Tinnitus.severity.nuisance...Instance.0_4"	NA
"1029"	"Noisy.workplace...Instance.0_0"	NA
"1030"	"Noisy.workplace...Instance.0_12"	NA
"1031"	"Noisy.workplace...Instance.0_11"	NA
"1032"	"Noisy.workplace...Instance.0_13"	NA
"1033"	"Loud.music.exposure.frequency...Instance.0_0"	NA
"1034"	"Loud.music.exposure.frequency...Instance.0_11"	NA
"1035"	"Loud.music.exposure.frequency...Instance.0_13"	NA
"1036"	"Loud.music.exposure.frequency...Instance.0_12"	NA
"1037"	"Relative.age.of.first.facial.hair...Instance.0_2"	NA
"1038"	"Relative.age.of.first.facial.hair...Instance.0_1"	NA
"1039"	"Relative.age.of.first.facial.hair...Instance.0_3"	NA
"1040"	"Relative.age.voice.broke...Instance.0_2"	NA
"1041"	"Relative.age.voice.broke...Instance.0_3"	NA
"1042"	"Relative.age.voice.broke...Instance.0_1"	NA
"1043"	"Hair.balding.pattern...Instance.0_1"	NA
"1044"	"Hair.balding.pattern...Instance.0_2"	NA
"1045"	"Hair.balding.pattern...Instance.0_3"	NA
"1046"	"Hair.balding.pattern...Instance.0_4"	NA
"1047"	"Number.of.children.fathered...Instance.0_Lower.third"	1
"1048"	"Number.of.children.fathered...Instance.0_Upper.third"	2
"1049"	"Ever.had.breast.cancer.screening...mammogram...Instance.0_1"	NA
"1050"	"Ever.had.breast.cancer.screening...mammogram...Instance.0_0"	NA
"1051"	"Years.since.last.breast.cancer.screening...mammogram...Instance.0_Lower.third"	1
"1052"	"Years.since.last.breast.cancer.screening...mammogram...Instance.0_Upper.third"	2
"1053"	"Ever.had.cervical.smear.test...Instance.0_1"	NA
"1054"	"Ever.had.cervical.smear.test...Instance.0_0"	NA
"1055"	"Years.since.last.cervical.smear.test...Instance.0_Lower.third"	2
"1056"	"Years.since.last.cervical.smear.test...Instance.0_Upper.third"	3
"1057"	"Age.when.periods.started..menarche....Instance.0_Lower.third"	12
"1058"	"Age.when.periods.started..menarche....Instance.0_Upper.third"	14
"1059"	"Had.menopause...Instance.0_0"	NA
"1060"	"Had.menopause...Instance.0_1"	NA
"1061"	"Had.menopause...Instance.0_2"	NA
"1062"	"Had.menopause...Instance.0_3"	NA
"1063"	"Age.at.menopause..last.menstrual.period....Instance.0_Lower.third"	49
"1064"	"Age.at.menopause..last.menstrual.period....Instance.0_Upper.third"	52
"1065"	"Time.since.last.menstrual.period...Instance.0_Lower.third"	7
"1066"	"Time.since.last.menstrual.period...Instance.0_Upper.third"	17
"1067"	"Length.of.menstrual.cycle...Instance.0_neg6"	NA
"1068"	"Length.of.menstrual.cycle...Instance.0_Lower.third"	26
"1069"	"Length.of.menstrual.cycle...Instance.0_Upper.third"	28
"1070"	"Menstruating.today...Instance.0_0"	NA
"1071"	"Menstruating.today...Instance.0_1"	NA
"1072"	"Number.of.live.births...Instance.0_Lower.third"	2
"1073"	"Number.of.live.births...Instance.0_Upper.third"	2
"1074"	"Birth.weight.of.first.child...Instance.0_neg2"	NA
"1075"	"Birth.weight.of.first.child...Instance.0_Lower.third"	7
"1076"	"Birth.weight.of.first.child...Instance.0_Upper.third"	7
"1077"	"Age.of.primiparous.women.at.birth.of.child...Instance.0_Lower.third"	26
"1078"	"Age.of.primiparous.women.at.birth.of.child...Instance.0_Upper.third"	32
"1079"	"Age.at.first.live.birth...Instance.0_Lower.third"	23
"1080"	"Age.at.first.live.birth...Instance.0_Upper.third"	27
"1081"	"Age.at.last.live.birth...Instance.0_Lower.third"	28
"1082"	"Age.at.last.live.birth...Instance.0_Upper.third"	32
"1083"	"Ever.had.stillbirth..spontaneous.miscarriage.or.termination...Instance.0_1"	NA
"1084"	"Ever.had.stillbirth..spontaneous.miscarriage.or.termination...Instance.0_0"	NA
"1085"	"Number.of.stillbirths...Instance.0_Lower.third"	0
"1086"	"Number.of.stillbirths...Instance.0_Upper.third"	0
"1087"	"Number.of.spontaneous.miscarriages...Instance.0_Lower.third"	0
"1088"	"Number.of.spontaneous.miscarriages...Instance.0_Upper.third"	1
"1089"	"Number.of.pregnancy.terminations...Instance.0_Lower.third"	0
"1090"	"Number.of.pregnancy.terminations...Instance.0_Upper.third"	1
"1091"	"Ever.taken.oral.contraceptive.pill...Instance.0_1"	NA
"1092"	"Ever.taken.oral.contraceptive.pill...Instance.0_0"	NA
"1093"	"Age.started.oral.contraceptive.pill...Instance.0_Lower.third"	19
"1094"	"Age.started.oral.contraceptive.pill...Instance.0_Upper.third"	22
"1095"	"Age.when.last.used.oral.contraceptive.pill...Instance.0_Lower.third"	28
"1096"	"Age.when.last.used.oral.contraceptive.pill...Instance.0_Upper.third"	34
"1097"	"Ever.used.hormone.replacement.therapy..HRT....Instance.0_0"	NA
"1098"	"Ever.used.hormone.replacement.therapy..HRT....Instance.0_1"	NA
"1099"	"Age.started.hormone.replacement.therapy..HRT....Instance.0_Lower.third"	45
"1100"	"Age.started.hormone.replacement.therapy..HRT....Instance.0_Upper.third"	50
"1101"	"Age.last.used.hormone.replacement.therapy..HRT....Instance.0_neg11"	NA
"1102"	"Age.last.used.hormone.replacement.therapy..HRT....Instance.0_Lower.third"	52
"1103"	"Age.last.used.hormone.replacement.therapy..HRT....Instance.0_Upper.third"	57
"1104"	"Ever.had.hysterectomy..womb.removed....Instance.0_0"	NA
"1105"	"Ever.had.hysterectomy..womb.removed....Instance.0_1"	NA
"1106"	"Age.at.hysterectomy...Instance.0_Lower.third"	40
"1107"	"Age.at.hysterectomy...Instance.0_Upper.third"	45
"1108"	"Bilateral.oophorectomy..both.ovaries.removed....Instance.0_0"	NA
"1109"	"Bilateral.oophorectomy..both.ovaries.removed....Instance.0_1"	NA
"1110"	"Age.at.bilateral.oophorectomy..both.ovaries.removed....Instance.0_Lower.third"	45
"1111"	"Age.at.bilateral.oophorectomy..both.ovaries.removed....Instance.0_Upper.third"	50
